{"stats":{"minecraft:used":{"minecraft:redstone_torch":104,"minecraft:oak_sign":13,"minecraft:lever":6,"minecraft:redstone_lamp":88,"minecraft:black_wool":45,"minecraft:repeater":63,"minecraft:redstone_block":3,"minecraft:iron_block":780,"minecraft:redstone":466},"minecraft:custom":{"minecraft:jump":54,"minecraft:time_since_rest":64247,"minecraft:crouch_one_cm":85,"minecraft:leave_game":4,"minecraft:play_time":64247,"minecraft:sprint_one_cm":3234,"minecraft:time_since_death":64247,"minecraft:walk_one_cm":18679,"minecraft:sneak_time":1036,"minecraft:total_world_time":71979,"minecraft:fly_one_cm":293508},"minecraft:picked_up":{"minecraft:redstone_torch":5,"minecraft:redstone":6}},"DataVersion":2975}