{"stats":{"minecraft:used":{"minecraft:redstone_torch":119,"minecraft:glass":44,"minecraft:lever":31,"minecraft:repeater":53,"minecraft:redstone_lamp":46,"minecraft:comparator":13,"minecraft:light_blue_wool":777,"minecraft:redstone":679,"minecraft:oak_button":22,"minecraft:oak_sign":22,"minecraft:sandstone":60,"minecraft:redstone_block":6},"minecraft:custom":{"minecraft:time_since_rest":155382,"minecraft:crouch_one_cm":953,"minecraft:sprint_one_cm":17254,"minecraft:play_time":155382,"minecraft:walk_one_cm":50981,"minecraft:sneak_time":3450,"minecraft:drop":2,"minecraft:jump":146,"minecraft:leave_game":8,"minecraft:time_since_death":155382,"minecraft:total_world_time":204985,"minecraft:fly_one_cm":914610},"minecraft:dropped":{"minecraft:redstone_torch":1,"minecraft:repeater":1},"minecraft:picked_up":{"minecraft:repeater":1,"minecraft:redstone_torch":1}},"DataVersion":2975}